name,email,phone,url,title
,,,,
,,,,
,,,,
Ayush Mishra,ayush@xyz.com,7894561230,https://www.linkedin.com/in/ayush,developer
,,,,
,,,,
Ayush Mishra,ayush@xyz.com,7894561230,https://www.linkedin.com/in/ayush,developer
Ayush Mishra,ayush@xyz.com,7894561230,https://www.linkedin.com/in/ayush,developer
,,,,
Ayush Mishra,ayush@xyz.com,7894561230,https://www.linkedin.com/in/ayush,developer
,,,,
Ayush Mishra,ayush@xyz.com,7894561230,https://www.linkedin.com/in/ayush,developer
,,,,
Ayush Mishra,ayush@xyz.com,7894561230,https://www.linkedin.com/in/ayush,developer
Ayush Mishra,ayush@xyz.com,7894561230,https://www.linkedin.com/in/ayush,developer
Ayush Mishra,ayush@xyz.com,7894561230,https://www.linkedin.com/in/ayush,developer
Ayush Mishra,ayush@xyz.com,7894561230,https://www.linkedin.com/in/ayush,developer
Ayush Mishra,7894561230,ayush@xyz.com,https://www.linkedin.com/in/ayush,developer
,,,,
,,,,
Ayush Mishra,developer,,,
,ayush@xyz.com,7894561230,,
